run,epoch,train_loss,train_accuracy,val_accuracy,val_macro_f1
reference,1,1.0647451869149067,0.4461060737796547,0.4044943820224719,0.3781648060615872
reference,2,1.0155033134267835,0.5044342317724506,0.37679194110809766,0.3716380247811189
reference,3,0.9899137022269339,0.520332877903366,0.4273537388609066,0.4038237595247642
reference,4,0.9742742374704799,0.5251273133772202,0.3826036419992251,0.37694654511944553
reference,5,0.9632687486902869,0.53017016519687,0.394711352189074,0.38566862259735024
reference,6,0.954458996719597,0.5344180847099739,0.3891902363425029,0.3796718950102968
reference,7,0.947602057766389,0.5337473605763259,0.39199922510654783,0.38149387839232557
reference,8,0.9372047230123242,0.5383927462427027,0.3447307245253778,0.34474689366812017
reference,9,0.9338086996848457,0.5397093528754192,0.3780511429678419,0.372725746873593
reference,10,0.9256123448408423,0.5431126568128183,0.3708833785354514,0.3664095474649849
lower_lr,1,1.0858485316964603,0.3946590485653956,0.36778380472685007,0.3573184583180402
lower_lr,2,1.0583694560004786,0.47507141969941624,0.38860906625339015,0.376356756091311
lower_lr,3,1.0375668944937693,0.49641038380325425,0.43025958930647035,0.39572901805960264
lower_lr,4,1.0215414656742945,0.5075145944603154,0.388221619527315,0.38087127311666086
lower_lr,5,1.007936768076845,0.508880884362191,0.4444013948082139,0.401731818132705
lower_lr,6,0.9978964377151014,0.5167308408893305,0.4296784192173576,0.40303091806313013
lower_lr,7,0.9916331189060674,0.5176748230033537,0.42289810151104223,0.4014085205146771
lower_lr,8,0.9840411503637905,0.5203080362687865,0.4026540100736149,0.3928504306934218
lower_lr,9,0.9779627567847724,0.5228667246304807,0.41388996512979465,0.3965746501868109
lower_lr,10,0.9697521527465384,0.5270649608744256,0.4079814025571484,0.39128251871751746
lower_dropout,1,1.051439734855001,0.4623773444292634,0.41863618752421544,0.38655345257049306
lower_dropout,2,0.992303331547121,0.5198112035771953,0.3924835335141418,0.3808557617444161
lower_dropout,3,0.9610925270061171,0.5362812073034405,0.4118558698179,0.3901631819280719
lower_dropout,4,0.940479128707492,0.5428393988324431,0.3784385896939171,0.3734142034049619
lower_dropout,5,0.9267000299194503,0.5500931561296734,0.3669120495931809,0.36477972097649713
lower_dropout,6,0.9128014462362962,0.5572972301577443,0.40168539325842695,0.386976473579193
lower_dropout,7,0.9028434699596033,0.5618184076512235,0.3953893839597055,0.3803169955719257
lower_dropout,8,0.8943965542794797,0.5639299465904857,0.37650135606354124,0.3720558781744376
lower_dropout,9,0.8872282393168341,0.5682772326419079,0.3962611390933747,0.38470114794024335
lower_dropout,10,0.8773196935320469,0.5728232517699665,0.37863231305695466,0.37313027800317716
both_changes,1,1.0773230573421568,0.41937647497205316,0.36487795428128633,0.34918960819841693
both_changes,2,1.0418996024524443,0.49491988572848095,0.3741766757070903,0.36689078062351904
both_changes,3,1.0162065075272786,0.5125077630108061,0.4395583107322743,0.40009682579185374
both_changes,4,0.998207647918483,0.521401068190287,0.4004261913986827,0.38723202846627625
both_changes,5,0.9851785640570349,0.527760526642653,0.43684618364974814,0.39747303148690466
both_changes,6,0.9727880889341066,0.5321326543286549,0.4060441689267726,0.38981203838858963
both_changes,7,0.9636211535215895,0.537597813936157,0.41466485858194496,0.38800431317869943
both_changes,8,0.95684217473125,0.5412992174885107,0.386381247578458,0.37979796597253346
both_changes,9,0.947339356575831,0.5460688113277854,0.3889965129794653,0.3785412505497872
both_changes,10,0.9403365456279776,0.5494472736306049,0.3824099186361875,0.37399578522297633
